luminance,percentage
10,98.0999984741211
74,1.399999976158142
138,0.10000000149011612
194,0.10000000149011612
202,0.20000000298023224
206,0.10000000149011612
