luminance,percentage
10,99.69999694824219
74,0.30000001192092896
