luminance,percentage
10,99.80000305175781
74,0.20000000298023224
